P1,P2,set winner,P1Score,P2Score
sd_justin,mafoo,0,0,-1
pk,emerald,0,2,0
novamatt,fudgeface,0,0,-1
fury,matt,1,-1,0
kfc manager,stus,1,0,2
jecht,daddy's milk,0,2,0
lfnt,alliecat,1,1,2
admiral,sd_justin,0,2,0
pk,novamatt,0,2,0
matt,stus,1,0,2
jecht,alliecat,0,2,0
admiral,pk,0,2,1
stus,jecht,1,0,2
admiral,jecht,0,2,0
emerald,fudgeface,0,0,-1
fury,kfc manager,1,-1,0
daddy's milk,lfnt,0,2,0
alliecat,mafoo,0,0,-1
matt,emerald,0,2,0
novamatt,kfc manager,1,0,2
sd_justin,daddy's milk,1,0,2
alliecat,matt,0,2,0
kfc manager,daddy's milk,1,1,2
pk,alliecat,0,2,1
stus,daddy's milk,1,0,2
pk,daddy's milk,0,-2,-2
joooop,neverpullout,0,0,-1
ben123dx,cupcake pirate,0,0,-1
rarik,cadronate,0,0,-1
skillznasty,kwyet,1,1,2
big l,wjang,1,-1,0
mags,yam$,0,2,0
gt,dysfunkti0nal,1,0,2
bmc,joooop,0,2,0
ben123dx,rarik,1,0,2
kwyet,wjang,1,1,2
mags,dysfunkti0nal,0,2,0
bmc,rarik,0,2,0
wjang,mags,0,2,0
bmc,wjang,0,2,0
cupcake pirate,cadronate,1,-1,0
skillznasty,big l,0,0,-1
yam$,gt,1,0,2
dysfunkti0nal,neverpullout,0,0,-1
kwyet,cadronate,0,0,-1
ben123dx,skillznasty,1,-1,0
joooop,gt,1,0,2
dysfunkti0nal,kwyet,1,1,2
skillznasty,gt,0,2,0
rarik,kwyet,1,0,2
mags,skillznasty,1,0,2
kwyet,skillznasty,0,-2,-2
fliinchy,eggbert,0,2,0
stacy's stepdad,blue ruin,0,2,0
pip,panda,0,2,0
quak,flat nat,0,0,-1
zeus,jfm,0,2,0
ukulele,teenagemutantgingerturtle,1,0,2
bonfire10,fliinchy,0,2,1
stacy's stepdad,pip,0,2,0
awsmsean,quak,1,-1,0
zeus,teenagemutantgingerturtle,0,2,0
bonfire10,stacy's stepdad,0,2,0
quak,zeus,1,0,2
bonfire10,zeus,0,2,0
blue ruin,panda,1,0,2
jfm,ukulele,0,2,0
teenagemutantgingerturtle,eggbert,0,2,0
awsmsean,panda,1,-1,0
pip,flat nat,0,0,-1
fliinchy,jfm,0,2,0
teenagemutantgingerturtle,panda,1,0,2
pip,fliinchy,1,0,2
stacy's stepdad,panda,0,2,0
quak,fliinchy,1,0,2
stacy's stepdad,fliinchy,0,-2,-2
toe,kfj,1,0,2
tichinde925,sambuddy5,0,2,1
big guy,darner,0,0,-1
advanced,porter,0,2,0
zebra,altr0n,0,2,0
stelios,maki,0,2,0
g0mega,saltkingmcgee,0,2,1
makari,kfj,0,2,0
tichinde925,big guy,0,2,0
advanced,zebra,0,2,0
stelios,g0mega,0,2,0
makari,tichinde925,0,2,0
advanced,stelios,0,2,1
makari,advanced,0,2,1
sambuddy5,darner,0,0,-1
porter,altr0n,1,0,2
maki,saltkingmcgee,0,2,0
g0mega,toe,1,0,2
zebra,sambuddy5,1,0,2
big guy,altr0n,0,2,0
kfj,maki,0,2,0
toe,sambuddy5,0,2,0
big guy,kfj,1,0,2
tichinde925,toe,0,2,0
stelios,kfj,1,0,2
tichinde925,kfj,0,-2,-2
rudo,nuggyjones,0,0,-1
swissmiss,fluzzarn,0,2,0
enemy unit,otachi,0,2,0
ycj,volmarrk,0,0,-1
thoreo,arcana,0,2,0
seabass,lude,0,2,0
pushin,grape,1,0,2
kalvar,rudo,0,2,0
swissmiss,enemy unit,0,2,0
ycj,thoreo,0,2,0
seabass,grape,0,2,0
kalvar,swissmiss,0,2,0
ycj,seabass,1,0,2
kalvar,seabass,0,2,0
fluzzarn,otachi,1,1,2
volmarrk,arcana,1,-1,0
lude,pushin,1,0,2
grape,nuggyjones,0,0,-1
thoreo,otachi,0,2,0
enemy unit,arcana,0,2,0
rudo,pushin,0,2,0
grape,thoreo,1,0,2
enemy unit,rudo,0,2,0
swissmiss,thoreo,1,0,2
ycj,enemy unit,1,1,2
thoreo,enemy unit,0,-2,-2
quiche,awe,1,-1,0
tse,trogdor,0,2,0
edward,young love,1,-1,0
nuro,vvvvv,0,2,0
busy p,beverage,0,2,0
moo,mike4real,0,2,0
connoramo,ajefk12555,1,-1,0
red rice,awe,0,2,0
tse,young love,0,2,0
nuro,busy p,0,2,0
moo,ajefk12555,0,2,0
red rice,tse,1,0,2
nuro,moo,1,1,2
tse,moo,1,1,2
trogdor,edward,0,0,-1
vvvvv,beverage,0,2,0
mike4real,connoramo,0,0,-1
ajefk12555,quiche,0,0,-1
busy p,trogdor,1,0,2
young love,vvvvv,0,2,0
awe,mike4real,1,1,2
ajefk12555,trogdor,1,0,2
young love,mike4real,0,2,0
red rice,trogdor,0,2,0
nuro,young love,1,0,2
red rice,young love,0,-2,-2
brohad,gonzales,0,2,1
nugget,crispy,1,1,2
lsupersonicq,land28h,1,0,2
lurogmz,jimbabwe,0,0,-1
tree,khan,0,2,0
tri-volt,hufff,0,2,0
legend,brohad,0,2,0
crispy,land28h,0,2,0
blahyay,lurogmz,0,2,0
tree,tri-volt,0,2,0
legend,crispy,0,2,0
blahyay,tree,0,2,0
legend,blahyay,1,0,2
nugget,lsupersonicq,0,2,0
khan,hufff,0,2,0
tri-volt,gonzales,1,1,2
lurogmz,nugget,1,0,2
land28h,jimbabwe,0,0,-1
brohad,khan,0,2,1
gonzales,nugget,1,0,2
land28h,brohad,1,0,2
crispy,nugget,1,1,2
tree,brohad,0,2,0
nugget,tree,0,-2,-2
docninj,sealand,1,0,2
octomom,omer,1,-1,0
snoop,melvin,1,0,2
kevorkian,arsi,0,2,0
wifi,tyle,1,0,2
snoosnoo,horato,0,2,0
ehro,feelings,1,-1,0
bigfoig,sealand,0,2,0
omer,melvin,0,2,0
kevorkian,tyle,0,2,0
snoosnoo,feelings,0,2,0
bigfoig,omer,0,2,0
kevorkian,snoosnoo,0,2,0
bigfoig,kevorkian,0,2,0
octomom,snoop,1,-1,0
arsi,wifi,0,2,0
horato,ehro,0,0,-1
feelings,docninj,0,2,0
tyle,snoop,0,2,0
melvin,arsi,1,0,2
sealand,horato,0,2,0
feelings,tyle,0,2,1
arsi,sealand,1,1,2
omer,feelings,0,2,0
snoosnoo,sealand,0,2,0
omer,snoosnoo,0,-2,-2
megaamoonguss,thef,1,0,2
fonzie,karn1vore,1,1,2
aspens,kota,1,0,2
blueg,kramff,0,2,0
link,kaz,0,2,0
gtown_tom,sircabby,0,2,0
moku,chompskye,1,0,2
gso,thef,0,2,0
karn1vore,kota,1,1,2
blueg,link,0,2,0
gtown_tom,chompskye,1,1,2
gso,kota,0,2,0
blueg,chompskye,1,1,2
gso,chompskye,0,2,0
fonzie,aspens,0,2,0
kramff,kaz,1,1,2
sircabby,moku,1,0,2
gtown_tom,megaamoonguss,0,2,0
link,fonzie,1,0,2
karn1vore,kaz,1,0,2
thef,moku,0,2,0
gtown_tom,fonzie,0,2,0
kaz,thef,1,0,2
kota,gtown_tom,1,0,2
blueg,thef,0,2,0
gtown_tom,blueg,0,-2,-2
alchemist,ink,0,2,1
grim,bear,0,2,0
silent e,ghoul,0,2,0
dunk,dannyd,1,-1,0
macintosh,vexoskeleton,0,2,0
yung bones villain,pipes,0,2,0
ganreizu,man,1,0,2
ryucloud,alchemist,0,2,0
grim,silent e,0,2,0
dannyd,macintosh,1,0,2
yung bones villain,man,0,2,0
ryucloud,grim,0,2,0
macintosh,yung bones villain,0,2,0
ryucloud,macintosh,0,2,0
bear,ghoul,1,1,2
dunk,vexoskeleton,1,-1,0
pipes,ganreizu,0,2,0
man,ink,0,2,0
dannyd,ghoul,0,2,0
silent e,vexoskeleton,0,2,0
alchemist,pipes,1,0,2
man,dannyd,0,2,0
silent e,pipes,1,0,2
grim,man,0,2,0
yung bones villain,pipes,0,2,0
grim,yung bones villain,0,-2,-2
scarjo,albert with a money sign,0,2,0
l1fe,wizard,0,2,0
itchyanscratchy,basic stitch,1,0,2
heartstrings,haus,0,2,0
rios,gbaby6,1,0,2
twisty,daniel-san,0,2,0
yogurt,magma,0,2,0
yedi,scarjo,0,2,0
l1fe,basic stitch,1,0,2
heartstrings,gbaby6,0,2,0
twisty,yogurt,0,2,0
yedi,basic stitch,0,2,0
heartstrings,twisty,0,2,0
yedi,heartstrings,0,2,0
wizard,itchyanscratchy,0,2,0
haus,rios,0,2,0
daniel-san,magma,0,2,0
yogurt,albert with a money sign,0,2,0
gbaby6,wizard,1,0,2
l1fe,haus,0,2,0
scarjo,daniel-san,0,2,1
yogurt,wizard,1,0,2
l1fe,scarjo,0,2,0
basic stitch,wizard,0,2,0
twisty,l1fe,0,2,1
basic stitch,twisty,0,-2,-2
shpiders,shyguy,1,1,2
wyzdm,swåç,0,0,-1
tessa,espar,0,2,0
ghettowarmachine420,pph,0,2,0
nate,pt2,1,-1,0
darby,kevin,1,-1,0
bigredanimebike,hoofarted,0,2,0
theswooper,shyguy,0,2,0
wyzdm,tessa,1,0,2
ghettowarmachine420,pt2,0,2,0
kevin,bigredanimebike,1,-1,0
theswooper,tessa,0,2,0
ghettowarmachine420,bigredanimebike,0,2,1
theswooper,ghettowarmachine420,0,2,0
swåç,espar,1,-1,0
pph,nate,0,0,-1
darby,hoofarted,0,2,0
kevin,shpiders,1,-1,0
pt2,espar,0,2,1
wyzdm,pph,0,2,0
shyguy,darby,1,0,2
shpiders,pt2,0,2,0
wyzdm,darby,1,0,2
tessa,shpiders,0,2,0
bigredanimebike,darby,1,1,2
tessa,darby,0,-2,-2
jeff chang,geoscyl,1,0,2
dingus,xpertwizard,0,0,-1
stdemon,jamis,0,2,0
clue,osully,0,2,0
lava,therealjdawgz,1,-1,0
para,crymsen,0,2,0
royal flush,daddy,1,0,2
r2dliu,geoscyl,0,2,0
dingus,stdemon,0,2,0
clue,therealjdawgz,0,2,0
para,daddy,0,2,0
r2dliu,dingus,0,2,0
clue,para,0,2,0
r2dliu,clue,0,2,0
xpertwizard,jamis,1,-1,0
osully,lava,0,0,-1
crymsen,royal flush,1,0,2
daddy,jeff chang,0,2,0
therealjdawgz,jamis,0,2,0
stdemon,osully,1,0,2
geoscyl,royal flush,1,0,2
daddy,therealjdawgz,0,2,1
osully,royal flush,1,0,2
dingus,daddy,0,2,1
para,royal flush,0,2,0
dingus,para,0,-2,-2
hotline,prospekt,0,2,0
klear,cupofwater,1,0,2
jibb,liz,1,0,2
guapo,justin white,1,0,2
batsox,inversion,0,2,0
debra!,sd rick,0,2,1
widl,hotline,0,2,0
cupofwater,liz,0,2,0
ambisinister,justin white,0,2,0
batsox,debra!,0,2,0
widl,cupofwater,0,2,0
ambisinister,batsox,0,2,0
widl,ambisinister,0,2,0
klear,jibb,0,2,0
inversion,sd rick,1,0,2
debra!,prospekt,1,1,2
justin white,klear,0,2,0
liz,guapo,0,2,0
hotline,sd rick,0,2,0
prospekt,justin white,0,2,0
liz,hotline,1,0,2
cupofwater,prospekt,0,2,0
batsox,hotline,1,1,2
cupofwater,hotline,0,-2,-2
decency,pigeon,0,0,-1
milk $$$,peak,1,-1,0
sweat,gliphy,1,0,2
marriott moy,tuukkatime,0,2,0
shurfyne,dr. rainbow bear,1,1,2
sizzling solzo,fizzba,1,1,2
atomic,uma thurman,1,0,2
mr. tuesday,decency,0,2,0
peak,gliphy,1,1,2
marriott moy,dr. rainbow bear,0,2,0
fizzba,uma thurman,0,2,0
mr. tuesday,gliphy,0,2,0
marriott moy,fizzba,0,2,0
mr. tuesday,marriott moy,0,2,0
milk $$$,sweat,1,-1,0
tuukkatime,shurfyne,1,1,2
sizzling solzo,atomic,0,2,0
uma thurman,pigeon,0,0,-1
dr. rainbow bear,sweat,1,0,2
peak,shurfyne,0,2,0
decency,sizzling solzo,1,0,2
uma thurman,sweat,0,2,0
peak,sizzling solzo,1,0,2
gliphy,uma thurman,1,0,2
fizzba,sizzling solzo,0,2,1
uma thurman,fizzba,0,-2,-2
waffle,bonestorm,1,-1,0
captwheatroll,kaptinkillem,1,0,2
captwheatroll,elioto,0,2,0
bonestorm,jcela,1,-1,0
jpin,carpet,1,0,2
kaptinkillem,jpin,0,2,0
kaptinkillem,ed,1,0,2
lion,mustard,0,2,0
lion,elioto,0,2,0
jcela,lion,1,0,2
raalts,kaptinkillem,1,0,2
raalts,mustard,1,0,2
bigwenz,captwheatroll,0,2,0
bigwenz,lion,0,2,0
bigwenz,jcela,0,2,0
mustard,bonestorm,0,0,-1
ed,kaptinkillem,0,2,0
ed,lion,0,-2,-2
ed,carpet,0,2,0
null,waffle,0,0,-1
null,jcela,1,-1,0
null,raalts,1,-1,0
carpet,lion,1,0,2
vidjogamer,bigwenz,0,2,0
vidjogamer,mustard,0,2,0
vidjogamer,ed,0,2,1
smackiavelli,zaq,0,2,1
jnaut,satch,0,2,0
yena,nyck,1,-1,0
uwan,hamr boss,0,2,0
ihwp,redribb0n,0,0,-1
hazard,534,0,2,0
arpah,tgrass,1,0,2
son2,smackiavelli,0,2,0
jnaut,nyck,0,2,0
uwan,ihwp,0,2,0
hazard,tgrass,0,2,0
son2,jnaut,0,2,0
uwan,hazard,0,2,0
son2,uwan,0,2,0
satch,yena,0,2,0
hamr boss,redribb0n,0,2,0
534,arpah,1,0,2
tgrass,zaq,0,2,0
ihwp,satch,0,2,0
nyck,hamr boss,0,2,0
smackiavelli,arpah,1,0,2
tgrass,ihwp,1,0,2
nyck,arpah,1,0,2
jnaut,ihwp,0,2,0
hazard,arpah,0,2,0
jnaut,hazard,0,-2,-2
mr. lemon,just kevin,0,2,0
humble,callmeaustino,1,0,2
ghidra,xiivi,0,2,0
link2213,patchwork,0,2,0
pig,waga,0,2,0
scrubbymac,mechanicalmarine,1,0,2
zettavolt,ellen degenerate,0,2,0
dovler,poodledeedoop,0,2,0
mr. lemon,callmeaustino,0,2,0
ghidra,link2213,0,2,1
pig,mechanicalmarine,0,2,0
zettavolt,dovler,0,2,0
mr. lemon,ghidra,0,2,0
pig,zettavolt,0,2,1
mr. lemon,pig,0,2,1
just kevin,humble,0,2,0
xiivi,patchwork,0,2,0
waga,scrubbymac,0,2,0
ellen degenerate,poodledeedoop,1,0,2
dovler,just kevin,0,2,0
mechanicalmarine,xiivi,1,0,2
link2213,waga,0,2,1
callmeaustino,poodledeedoop,0,2,0
dovler,xiivi,1,0,2
link2213,callmeaustino,1,0,2
ghidra,xiivi,1,0,2
zettavolt,callmeaustino,1,0,2
xiivi,callmeaustino,0,-2,-2
highlyeducational,willy will,1,0,2
mt. crushmore,bell pepper,0,2,0
arcade,ryf1sh,1,1,2
scale,kitkat,1,-1,0
bambooo,james landino,1,1,2
jdog,oreo,0,2,1
mom?,buck,0,2,0
bigvegetabluntz,willy will,0,2,0
mt. crushmore,ryf1sh,0,2,0
kitkat,james landino,1,0,2
jdog,mom?,1,0,2
bigvegetabluntz,mt. crushmore,0,2,0
james landino,mom?,1,0,2
bigvegetabluntz,mom?,0,2,0
bell pepper,arcade,1,0,2
scale,bambooo,1,-1,0
oreo,buck,0,2,0
jdog,highlyeducational,0,2,0
kitkat,arcade,1,0,2
ryf1sh,bambooo,0,2,0
willy will,oreo,1,0,2
jdog,arcade,0,2,0
ryf1sh,oreo,0,2,0
mt. crushmore,jdog,1,1,2
james landino,ryf1sh,1,0,2
jdog,ryf1sh,0,-2,-2
scudss,nicklit,0,2,0
supahot,boosted,0,2,0
chrispy,grizzly,1,1,2
musgraves,nuts4nuts4nuts,0,2,0
cravate,fingerblast,0,2,0
tiramisu,polar,0,2,0
piranha,mello,0,2,0
t. webb,scudss,0,2,0
supahot,grizzly,0,2,0
musgraves,cravate,0,2,0
tiramisu,piranha,0,2,1
t. webb,supahot,0,2,0
musgraves,tiramisu,1,0,2
t. webb,tiramisu,0,2,1
boosted,chrispy,0,2,0
nuts4nuts4nuts,fingerblast,1,0,2
polar,mello,0,2,0
piranha,nicklit,0,2,0
cravate,boosted,1,0,2
grizzly,fingerblast,1,0,2
scudss,polar,1,0,2
piranha,boosted,0,2,1
fingerblast,polar,1,0,2
supahot,piranha,1,1,2
musgraves,polar,0,2,0
piranha,musgraves,0,-2,-2
limen,stoc,1,-1,0
delarock,krythan,0,2,0
boriater,graff,1,0,2
overflow,farthbog,0,2,0
chef,shwa$bb,1,-1,0
unlucky,pecan3141,0,2,0
employee,landry,0,0,-1
wind,stoc,0,2,0
delarock,graff,0,2,0
overflow,shwa$bb,0,2,0
unlucky,employee,0,2,0
wind,delarock,0,2,0
overflow,unlucky,0,2,0
wind,overflow,0,2,1
krythan,boriater,1,1,2
farthbog,chef,0,0,-1
pecan3141,landry,0,0,-1
employee,limen,0,0,-1
shwa$bb,boriater,0,2,0
graff,farthbog,0,2,0
stoc,pecan3141,0,2,0
employee,shwa$bb,1,0,2
graff,stoc,1,1,2
delarock,shwa$bb,1,0,2
unlucky,stoc,0,2,0
shwa$bb,unlucky,0,-2,-2
the_sir_reginald,k8a,1,0,2
bagelz,alex,0,2,0
wombätt,zbomber,0,2,0
pj,dtwizzledante,0,2,1
hung,soma,0,2,1
hayrow,sleepy gary,0,2,0
sailor mercury,blueeco,1,-1,0
jrad,k8a,0,2,1
bagelz,wombätt,0,2,0
pj,hung,0,2,0
hayrow,blueeco,0,2,1
jrad,bagelz,1,1,2
pj,hayrow,0,2,1
bagelz,pj,1,0,2
alex,zbomber,0,2,0
dtwizzledante,soma,0,2,0
sleepy gary,sailor mercury,0,0,-1
blueeco,the_sir_reginald,0,2,0
hung,alex,0,2,0
wombätt,dtwizzledante,1,0,2
k8a,sleepy gary,0,2,0
blueeco,hung,1,1,2
dtwizzledante,k8a,1,0,2
jrad,hung,0,2,0
hayrow,k8a,0,2,1
jrad,hayrow,0,-2,-2
siddartha,bendo,0,0,-1
tommy,dennysgrandslambreakfast,1,-1,0
space ghost,suds,0,2,1
spiff,pup,0,2,0
wave,owl,1,-1,0
tonic,dom,0,2,0
random,jaybird klutz,1,0,2
younger,siddartha,0,2,0
dennysgrandslambreakfast,space ghost,1,0,2
spiff,owl,0,0,-1
tonic,jaybird klutz,0,2,0
younger,space ghost,0,2,0
spiff,tonic,0,2,0
younger,spiff,0,2,1
tommy,suds,1,-1,0
pup,wave,0,0,-1
dom,random,0,2,0
jaybird klutz,bendo,0,0,-1
owl,suds,1,-1,0
dennysgrandslambreakfast,pup,1,0,2
siddartha,dom,0,2,0
jaybird klutz,suds,1,1,2
pup,siddartha,1,1,2
space ghost,suds,0,2,0
tonic,siddartha,1,1,2
space ghost,siddartha,0,-2,-2
s&s,solo,0,2,0
connor,sir.squanch,0,2,0
bortogo,ybot,1,0,2
arty,dreekas,0,2,0
judas,leahboo,0,2,0
ringler,lank,1,-1,0
jsun,pilgor,0,2,1
fendricklamar,s&s,0,2,0
connor,ybot,0,2,0
arty,judas,0,2,0
lank,jsun,1,1,2
fendricklamar,connor,0,2,0
arty,jsun,0,2,0
fendricklamar,arty,1,1,2
sir.squanch,bortogo,1,0,2
dreekas,leahboo,0,2,0
ringler,pilgor,1,-1,0
lank,solo,0,2,0
judas,bortogo,1,0,2
ybot,dreekas,0,2,0
s&s,pilgor,1,0,2
lank,bortogo,0,2,0
ybot,pilgor,0,2,0
connor,lank,0,2,0
jsun,ybot,1,0,2
connor,ybot,0,-2,-2
hot toddy,soil,1,1,2
life,harambe,0,2,0
henry,exvertus,0,2,0
hayatoxx,kaenzune,1,-1,0
nonk,ccoftw,1,1,2
shameless,ruckus,0,0,-1
fang,laugh,1,0,2
young,soil,0,2,0
life,henry,0,2,0
kaenzune,ccoftw,0,2,1
shameless,laugh,0,2,1
young,life,0,2,0
kaenzune,shameless,1,0,2
young,shameless,0,2,0
harambe,exvertus,0,2,1
hayatoxx,nonk,1,-1,0
ruckus,fang,1,-1,0
laugh,hot toddy,1,0,2
ccoftw,harambe,0,2,0
henry,nonk,0,2,0
soil,fang,0,2,1
hot toddy,ccoftw,0,2,0
henry,soil,1,1,2
life,hot toddy,0,2,0
kaenzune,soil,0,2,1
life,kaenzune,0,-2,-2
fizix,king cobra,1,1,2
phax,flop,0,2,1
pyro,nards,0,2,0
gongfactor,blackjack,0,2,1
kid a,battery,1,-1,0
miyagi,mostlyred,0,0,-1
silent,charlie,0,2,0
pudgypanda,king cobra,0,2,0
phax,pyro,0,2,0
gongfactor,battery,0,2,0
miyagi,silent,0,2,0
pudgypanda,phax,0,2,0
gongfactor,miyagi,1,1,2
pudgypanda,miyagi,0,2,0
flop,nards,0,2,0
blackjack,kid a,0,0,-1
mostlyred,charlie,1,-1,0
silent,fizix,0,2,0
battery,flop,1,0,2
pyro,blackjack,1,0,2
king cobra,charlie,1,0,2
silent,flop,1,0,2
blackjack,charlie,0,2,0
phax,flop,1,0,2
gongfactor,blackjack,0,2,0
flop,gongfactor,0,-2,-2
keo,dota,0,2,0
primer,queue kyoo,0,2,0
agahnim,inzane,1,1,2
vincessant,rjb,0,2,0
core,krakhead,0,2,0
risen,jgramm,0,2,0
frame$,jad,0,2,0
vino,keo,0,2,0
primer,inzane,0,2,0
vincessant,core,0,2,0
risen,frame$,0,2,0
vino,primer,0,2,0
vincessant,risen,0,2,0
vino,vincessant,1,0,2
queue kyoo,agahnim,1,1,2
rjb,krakhead,1,0,2
jgramm,jad,1,0,2
frame$,dota,0,2,0
core,agahnim,0,2,0
inzane,krakhead,0,2,0
keo,jad,0,2,0
frame$,core,1,0,2
inzane,keo,1,0,2
primer,core,0,2,0
risen,keo,0,2,1
primer,risen,0,-2,-2
dis,nibbity,1,0,2
grrg,lordjosh2,0,2,0
tempo,blacksite,0,2,0
psi,dewster,0,0,-1
gudaguda,eli,1,0,2
rasen,viceroy,0,2,0
beej,bennyboy98,1,1,2
sora,nibbity,0,2,0
grrg,tempo,1,1,2
psi,eli,0,2,0
rasen,bennyboy98,0,2,0
sora,tempo,0,2,1
psi,rasen,0,2,0
sora,psi,0,2,0
lordjosh2,blacksite,1,0,2
dewster,gudaguda,1,-1,0
viceroy,beej,0,2,0
bennyboy98,dis,1,0,2
eli,blacksite,0,2,1
grrg,gudaguda,0,2,0
nibbity,viceroy,0,2,1
dis,eli,1,0,2
grrg,nibbity,0,2,1
tempo,eli,0,2,0
rasen,grrg,0,2,1
tempo,rasen,0,-2,-2
stew,dyo,0,2,0
cniu,thrash,1,1,2
soulless,joe deveer,1,-1,0
fugu,spicky,0,0,-1
bluj,julio98,0,2,0
blanky,by9,0,2,0
four,sam,0,2,0
zeo,stew,0,2,0
thrash,joe deveer,0,2,0
fugu,bluj,0,2,0
blanky,four,0,2,1
zeo,thrash,0,2,0
fugu,blanky,0,2,0
zeo,fugu,0,2,0
cniu,soulless,0,0,-1
spicky,julio98,1,-1,0
by9,sam,0,2,0
four,dyo,0,2,0
bluj,cniu,1,0,2
joe deveer,julio98,1,1,2
stew,by9,0,2,0
four,cniu,1,1,2
julio98,stew,1,0,2
thrash,cniu,0,2,1
blanky,stew,0,2,0
thrash,blanky,0,-2,-2
spell,artist,1,0,2
spell,dkoyc,0,2,0
emanon,trout oracle,0,2,0
emanon,quality steve,0,2,0
emanon,torsional strain,1,1,2
trout oracle,fiercewolf,0,2,0
trout oracle,dkoyc,0,2,0
strouticus,spell,1,1,2
artist,cupcake,0,2,0
artist,hotdogsafari,0,2,0
quality steve,artist,0,2,0
quality steve,hotdogsafari,0,2,0
quality steve,the maltese falco,0,2,0
quality steve,ricky,0,-2,-2
fiercewolf,strouticus,0,2,0
danger doggo,trout oracle,1,0,2
danger doggo,cupcake,0,2,0
torsional strain,artist,0,2,0
torsional strain,danger doggo,0,2,0
torsional strain,ricky,0,2,1
hotdogsafari,michael shorten,0,0,-1
the maltese falco,danger doggo,1,1,2
the maltese falco,michael shorten,0,0,-1
ricky,spell,0,2,0
ricky,trout oracle,0,2,0
ricky,fiercewolf,0,2,0
slim,marker,0,2,0
depressed eagle,royal,1,-1,0
fazers,r2z2,0,2,0
godiegogo,loveswater,0,2,0
metallic,bumble,0,2,0
calvin,leavescat,0,2,0
gooley,serbianfilm,0,2,0
juggleguy,slim,0,2,0
royal,fazers,1,0,2
godiegogo,metallic,0,2,0
calvin,gooley,0,2,0
juggleguy,fazers,0,2,1
godiegogo,calvin,0,2,0
juggleguy,godiegogo,0,2,0
depressed eagle,r2z2,1,-1,0
loveswater,bumble,1,0,2
leavescat,serbianfilm,0,2,0
gooley,marker,0,2,0
metallic,r2z2,0,2,0
royal,bumble,1,0,2
slim,leavescat,0,2,0
gooley,metallic,0,2,0
bumble,slim,1,1,2
fazers,gooley,0,2,0
calvin,slim,0,2,1
fazers,calvin,0,-2,-2
nodge,keg,1,1,2
sweets,suds,1,1,2
dr. dreidel,dutes,1,1,2
kunai,ryden hope,0,0,-1
zeta,[n],0,2,0
natendo,buns,0,2,0
actualgarbage,sirshmoopi,1,-1,0
mayb,keg,0,2,0
suds,dutes,0,2,0
kunai,zeta,0,2,0
natendo,sirshmoopi,0,2,0
mayb,suds,0,2,0
kunai,natendo,1,0,2
mayb,natendo,0,2,1
sweets,dr. dreidel,0,2,0
ryden hope,[n],1,-1,0
buns,actualgarbage,0,0,-1
sirshmoopi,nodge,1,1,2
zeta,sweets,0,2,1
dutes,[n],1,0,2
keg,buns,1,0,2
nodge,zeta,1,0,2
[n],buns,0,2,1
suds,zeta,1,0,2
kunai,[n],0,2,0
zeta,kunai,0,-2,-2
rickdb3,kelbek,1,0,2
pooodge,emperorbutt,0,2,0
andonuts,mizuki,0,2,0
jojo,typicalswattie,1,-1,0
onepunchman,goad,1,1,2
santa,ubik,0,2,0
glasper,fumofuu,0,2,0
loki,kelbek,0,2,0
pooodge,andonuts,1,1,2
typicalswattie,goad,0,2,0
santa,glasper,0,2,0
loki,andonuts,0,2,0
typicalswattie,santa,1,1,2
loki,santa,0,2,0
emperorbutt,mizuki,0,0,-1
jojo,onepunchman,1,-1,0
ubik,fumofuu,0,2,0
glasper,rickdb3,1,0,2
goad,emperorbutt,0,2,0
pooodge,onepunchman,1,0,2
kelbek,ubik,1,0,2
rickdb3,goad,1,0,2
onepunchman,ubik,0,2,1
andonuts,goad,0,2,0
typicalswattie,onepunchman,1,1,2
andonuts,onepunchman,0,-2,-2
gutes,roshi,1,-1,0
dogface,hannydoon,1,0,2
proxy,gucci,1,0,2
thunderpaste,bread,0,2,0
the end,jib,1,0,2
memory,hybrid,0,2,0
obgyn,grainless,1,0,2
hart,roshi,0,2,0
hannydoon,gucci,0,2,0
thunderpaste,jib,0,2,0
memory,grainless,0,2,0
hart,hannydoon,0,2,0
thunderpaste,memory,0,2,1
hart,thunderpaste,0,2,0
dogface,proxy,0,2,0
bread,the end,1,1,2
hybrid,obgyn,1,0,2
grainless,gutes,0,0,-1
jib,dogface,0,2,0
gucci,the end,1,0,2
roshi,obgyn,0,2,0
grainless,jib,1,0,2
the end,roshi,0,2,0
hannydoon,jib,0,2,1
memory,the end,0,2,0
hannydoon,memory,0,-2,-2
cdrc^,takeover,0,0,-1
tenshi,puzzle,1,1,2
j.killa,rabit,1,0,2
killahertz,moat,1,-1,0
lordbeard,glgwawa,1,1,2
slag,dopamine,0,0,-1
nuggetz,acons,0,0,-1
kevinm,cdrc^,0,2,0
puzzle,rabit,1,0,2
moat,glgwawa,0,2,0
slag,nuggetz,0,2,0
kevinm,rabit,0,2,0
moat,slag,1,1,2
kevinm,slag,0,2,0
tenshi,j.killa,0,2,0
killahertz,lordbeard,1,-1,0
dopamine,acons,1,-1,0
nuggetz,takeover,0,0,-1
glgwawa,tenshi,1,1,2
puzzle,lordbeard,0,2,0
cdrc^,acons,0,0,-1
nuggetz,tenshi,1,0,2
puzzle,cdrc^,0,2,0
rabit,tenshi,1,0,2
moat,puzzle,0,2,0
tenshi,moat,0,-2,-2
bren,saiyan,1,-2,-2
john ward,dmwc,0,-2,-2
rose,nokit,0,-2,-2
tranimal,specialspaceboy,0,-2,-2
maytag,gaslight,1,-1,0
havok,supermanchunky,0,-2,-2
banana fiend,gooby,0,-2,-2
lint,saiyan,0,-2,-2
john ward,rose,0,-2,-2
tranimal,gaslight,0,-2,-2
havok,banana fiend,0,-2,-2
lint,john ward,0,-2,-2
tranimal,havok,0,-2,-2
lint,tranimal,1,-2,-2
dmwc,nokit,1,-2,-2
specialspaceboy,maytag,0,0,-1
supermanchunky,gooby,0,-2,-2
banana fiend,bren,0,-2,-2
gaslight,nokit,0,-2,-2
rose,specialspaceboy,0,-2,-2
saiyan,supermanchunky,0,-2,-2
banana fiend,gaslight,0,-2,-2
rose,saiyan,1,-2,-2
john ward,banana fiend,0,-2,-2
havok,saiyan,1,-2,-2
john ward,saiyan,0,-2,-2
thyrfa,scoobylew,0,0,-1
risky,batista,0,0,-1
bombsoldier,ceeds,0,2,0
puff,veggietalesdeluxe,0,2,0
maku,tempest,1,0,2
yasu,marky,0,2,0
law,lucifer,1,0,2
rime,thyrfa,0,2,0
risky,bombsoldier,0,2,0
puff,tempest,1,0,2
yasu,lucifer,0,2,0
rime,risky,0,2,0
tempest,yasu,1,0,2
rime,yasu,0,2,0
batista,ceeds,1,0,2
veggietalesdeluxe,maku,1,0,2
marky,law,0,2,0
lucifer,scoobylew,0,0,-1
puff,ceeds,0,2,1
bombsoldier,maku,1,0,2
thyrfa,marky,1,1,2
lucifer,puff,1,0,2
maku,marky,0,2,0
risky,puff,1,0,2
tempest,maku,0,2,0
puff,tempest,0,-2,-2
wumbology,perma,1,0,2
frobey,oblomkov,0,2,0
zeal,durgh,1,0,2
paprika,swerliie,0,2,0
emilywaves,gildo,0,2,1
smitus,mre,0,2,0
dr. z,perma,0,2,0
frobey,durgh,1,0,2
golden,paprika,0,2,0
emilywaves,smitus,1,1,2
dr. z,durgh,0,2,0
golden,smitus,0,2,0
dr. z,golden,0,2,1
oblomkov,zeal,1,0,2
gildo,mre,0,2,0
emilywaves,wumbology,0,0,-1
paprika,zeal,1,0,2
frobey,swerliie,0,2,0
perma,gildo,1,1,2
emilywaves,zeal,0,2,1
frobey,gildo,1,1,2
durgh,emilywaves,1,0,2
smitus,gildo,1,0,2
emilywaves,gildo,0,-2,-2
fives,z0ra,0,0,-1
racer,achaoticnordi,0,2,0
zorro,nml,1,0,2
jackkenney,kaytoh,1,-1,0
sianvar,bbbd,1,-1,0
giraphe,grape jelly,0,2,0
nuggets,icon,0,2,0
kyu puff,fives,0,2,0
racer,nml,0,2,0
kaytoh,bbbd,0,2,0
giraphe,nuggets,0,2,0
kyu puff,racer,0,2,0
kaytoh,giraphe,1,0,2
kyu puff,giraphe,0,2,0
achaoticnordi,zorro,0,2,1
jackkenney,sianvar,0,0,-1
grape jelly,icon,0,2,0
nuggets,z0ra,0,2,0
bbbd,achaoticnordi,0,2,1
nml,jackkenney,0,0,-1
fives,grape jelly,0,2,1
nuggets,bbbd,0,2,0
nml,fives,1,0,2
racer,nuggets,1,0,2
kaytoh,fives,1,0,2
nuggets,fives,0,-2,-2
hrctypo,looseblue,0,2,0
art,danch,0,2,0
qaz,razz,1,0,2
ezvip,awol,1,-1,0
scraggus,sureeal,0,2,1
melpyx,intrances,0,2,0
matty,djl,0,0,-1
bones,hrctypo,0,2,1
art,razz,0,2,0
awol,scraggus,0,2,0
melpyx,matty,0,2,0
bones,art,0,2,0
awol,melpyx,1,0,2
bones,melpyx,0,2,0
danch,qaz,0,2,0
ezvip,sureeal,1,-1,0
intrances,djl,0,0,-1
matty,looseblue,0,2,0
scraggus,danch,1,0,2
razz,sureeal,1,1,2
hrctypo,intrances,0,2,0
matty,danch,1,0,2
sureeal,hrctypo,1,1,2
art,danch,1,1,2
awol,hrctypo,1,0,2
danch,hrctypo,0,-2,-2
evan,him,0,0,-1
cranberry,metric,0,2,0
zeno,uncleph1l,1,0,2
bugatti,pizzainacup,1,1,2
krusty,donnie cash,0,2,1
speez,scabhammer,0,2,0
pizzamaster,slenda man,0,2,0
dudutsai,evan,0,2,0
cranberry,uncleph1l,0,2,0
pizzainacup,krusty,1,0,2
speez,pizzamaster,0,2,0
dudutsai,cranberry,0,2,0
krusty,speez,1,0,2
dudutsai,speez,0,2,0
metric,zeno,0,2,1
bugatti,donnie cash,0,2,0
scabhammer,slenda man,1,1,2
pizzamaster,him,0,0,-1
pizzainacup,metric,0,2,0
uncleph1l,bugatti,1,0,2
evan,slenda man,0,2,0
pizzamaster,pizzainacup,1,1,2
bugatti,evan,0,2,1
cranberry,pizzainacup,1,1,2
krusty,bugatti,1,0,2
pizzainacup,bugatti,0,-2,-2
gansama,applefrorm,1,0,2
2a4t,hentai69,0,2,0
burns,squidman808,1,-1,0
xpilot,eigen,0,2,0
venick,jabberwock,1,0,2
nbs,spirit,0,2,0
22k,smillzor,1,0,2
tian,applefrorm,0,2,0
2a4t,squidman808,0,2,0
xpilot,jabberwock,0,2,0
nbs,smillzor,0,2,0
tian,2a4t,0,2,0
xpilot,nbs,0,2,0
tian,xpilot,0,2,0
hentai69,burns,0,0,-1
eigen,venick,0,2,0
spirit,22k,1,0,2
smillzor,gansama,0,2,0
jabberwock,hentai69,0,2,0
squidman808,eigen,0,2,1
applefrorm,22k,1,0,2
smillzor,jabberwock,0,2,0
squidman808,22k,1,0,2
2a4t,smillzor,0,2,1
nbs,22k,0,2,1
2a4t,nbs,0,-2,-2
mr.stitch,x,0,2,0
flambo,double rainbow,0,2,1
k,hexagons,0,2,0
silver,bok choy,0,2,0
sean barker,songbird,1,1,2
quig,kim yung un,1,0,2
beaver,regular chris,1,0,2
klaps,mr.stitch,0,2,0
flambo,k,0,2,0
silver,songbird,0,2,0
kim yung un,regular chris,0,2,0
klaps,flambo,0,2,0
silver,kim yung un,1,1,2
klaps,kim yung un,0,2,0
double rainbow,hexagons,0,2,0
bok choy,sean barker,0,2,0
quig,beaver,0,2,0
regular chris,x,0,2,0
songbird,double rainbow,1,1,2
k,bok choy,1,0,2
mr.stitch,quig,1,0,2
regular chris,double rainbow,0,2,0
bok choy,quig,1,0,2
flambo,regular chris,0,2,0
silver,quig,0,2,0
flambo,silver,0,-2,-2
long and hard,skipper,1,0,2
marche,icefang,0,2,0
master j.j.,boptimus,1,0,2
ses,pcgbones,0,2,0
t0nka,smooth jon,0,2,0
jlo,jury,1,0,2
db,nibbynibbynub,0,2,0
dazwa,skipper,1,1,2
marche,boptimus,0,2,0
ses,t0nka,0,2,0
jury,db,0,2,0
skipper,marche,1,0,2
ses,jury,0,2,1
marche,ses,1,0,2
icefang,master j.j.,0,2,0
pcgbones,smooth jon,0,0,-1
jlo,nibbynibbynub,0,0,-1
db,long and hard,0,2,1
t0nka,icefang,1,0,2
boptimus,pcgbones,1,0,2
dazwa,jlo,0,2,0
db,icefang,1,0,2
pcgbones,dazwa,1,0,2
skipper,icefang,0,2,0
jury,dazwa,1,0,2
skipper,dazwa,0,-2,-2
gtea,jepr,0,2,0
gtea,wei,0,2,1
gtea,pkluv,0,2,0
vudoo,jp,0,2,0
vudoo,tranq,0,2,0
vudoo,fro,1,0,2
vudoo,armo,1,0,2
ant,gtea,0,2,0
ant,fro,0,2,0
ant,fro,0,2,1
sastopher,ant,0,2,1
sastopher,jp,0,2,0
sastopher,wei,0,2,0
jp,dole,0,2,0
tranq,mocha,1,0,2
raichunite,fro,1,0,2
jepr,raichunite,1,0,2
dole,wei,1,0,2
wei,mocha,0,2,0
fro,pkluv,0,2,0
armo,gtea,0,2,1
armo,ant,0,-2,-2
armo,mocha,0,2,0
rustin,sastopher,0,2,0
rustin,raichunite,0,2,0
rustin,armo,0,2,0
qtip,lalo,0,2,1
electric flux,next,0,2,0
aperture,mike,1,-1,0
shuffle,emceecurtis,0,0,-1
loading...,exaltedoreo,0,2,0
vestboy myst,swankeaboo,0,2,0
roko,zigludo,0,2,0
ny joey,qtip,0,2,0
electric flux,mike,0,2,0
shuffle,loading...,0,2,0
vestboy myst,roko,0,2,0
ny joey,electric flux,0,2,0
shuffle,vestboy myst,0,2,1
ny joey,shuffle,0,2,0
next,aperture,0,0,-1
emceecurtis,exaltedoreo,1,-1,0
swankeaboo,zigludo,0,2,0
roko,lalo,0,2,0
loading...,next,0,2,1
mike,exaltedoreo,0,2,0
qtip,swankeaboo,0,2,1
roko,loading...,0,2,0
mike,qtip,1,1,2
electric flux,roko,0,2,0
vestboy myst,qtip,0,2,0
electric flux,vestboy myst,0,-2,-2
tfec,sean,0,2,0
boyd,devil may cry 3,1,0,2
megamega,fire,0,0,-1
akio,50 quid,0,2,0
wawa,freessbm,1,1,2
trilok,goku,0,2,0
hispanion,cubot64,1,0,2
crunch,tfec,0,2,0
devil may cry 3,megamega,0,2,0
akio,freessbm,0,2,0
trilok,cubot64,0,2,0
crunch,devil may cry 3,0,2,0
akio,trilok,0,2,0
crunch,akio,0,2,1
boyd,fire,0,0,-1
50 quid,wawa,0,2,1
goku,hispanion,0,2,0
cubot64,sean,1,0,2
freessbm,boyd,0,2,1
megamega,50 quid,1,0,2
tfec,goku,0,2,0
sean,freessbm,1,1,2
50 quid,tfec,0,2,0
devil may cry 3,freessbm,0,2,1
trilok,50 quid,0,2,0
devil may cry 3,trilok,0,-2,-2
wassabi,nico,1,-1,0
jimmy rustler,soupostrich,0,2,0
rawdog,clyvedaddy,1,0,2
weeaboo,elicik,0,2,0
jayfro,slammy,0,2,0
osh,mpk,1,0,2
8njay,padre,1,0,2
mahone,nico,0,2,0
jimmy rustler,clyvedaddy,1,1,2
weeaboo,jayfro,0,2,0
mpk,padre,0,2,0
mahone,clyvedaddy,0,2,0
weeaboo,mpk,0,2,0
mahone,weeaboo,0,2,0
soupostrich,rawdog,0,2,0
elicik,slammy,0,2,0
osh,8njay,0,2,1
padre,wassabi,0,0,-1
jayfro,soupostrich,0,2,0
jimmy rustler,elicik,0,2,0
nico,osh,1,0,2
padre,jayfro,0,2,0
jimmy rustler,osh,0,2,0
clyvedaddy,padre,0,2,0
mpk,jimmy rustler,0,2,1
clyvedaddy,mpk,0,-2,-2
norbu,aquashard,1,-1,0
8,bao the wyld,0,2,0
capitainemitaine,reset,0,2,1
yort,raiguy,1,-1,0
milk,$nooze,1,0,2
claw,muffin,0,2,0
tace,pandaken,0,2,0
squible,aquashard,0,2,0
8,capitainemitaine,1,1,2
raiguy,$nooze,1,0,2
claw,tace,0,2,0
squible,capitainemitaine,0,2,0
$nooze,claw,1,0,2
squible,claw,0,2,0
bao the wyld,reset,1,0,2
yort,milk,1,-1,0
muffin,pandaken,0,0,-1
tace,norbu,0,0,-1
raiguy,reset,1,0,2
8,milk,0,2,0
aquashard,muffin,0,2,0
tace,reset,0,2,1
8,aquashard,0,2,0
capitainemitaine,tace,0,2,1
$nooze,8,1,0,2
capitainemitaine,8,0,-2,-2
vdx,thesneakiestbeaver,1,-1,0
ionthekid,slob on my knob,0,2,0
sid,bootstrings,1,-1,0
joelie polie olie,czelt,0,2,0
tamn son!,forte,1,1,2
iron chief,epic!,1,0,2
nplusone,nth,1,0,2
stango,thesneakiestbeaver,0,2,0
ionthekid,bootstrings,0,2,0
joelie polie olie,forte,0,2,0
epic!,nth,0,2,0
stango,ionthekid,0,2,0
joelie polie olie,epic!,0,2,1
stango,joelie polie olie,0,2,1
slob on my knob,sid,0,0,-1
czelt,tamn son!,1,0,2
iron chief,nplusone,0,2,0
nth,vdx,0,0,-1
forte,slob on my knob,1,1,2
bootstrings,tamn son!,0,2,0
thesneakiestbeaver,iron chief,1,0,2
nth,slob on my knob,0,2,0
bootstrings,iron chief,1,0,2
ionthekid,nth,0,2,0
epic!,iron chief,0,2,0
ionthekid,epic!,0,-2,-2
2%,messiah,1,0,2
ron,pwnagepolice,0,2,0
disco wolf,grin,1,1,2
webs,koga,0,2,0
47,theperfectname,0,2,0
panties,vt stickman,0,2,0
blazingsparky,fresh milk,0,2,1
ibdw,messiah,0,2,0
ron,grin,0,2,0
webs,47,0,2,1
panties,blazingsparky,0,2,0
ibdw,ron,0,2,0
webs,panties,1,1,2
ibdw,panties,0,2,0
pwnagepolice,disco wolf,0,2,1
koga,theperfectname,1,0,2
vt stickman,fresh milk,0,2,0
blazingsparky,2%,0,2,0
47,pwnagepolice,0,2,0
grin,theperfectname,1,0,2
messiah,vt stickman,1,0,2
blazingsparky,47,1,0,2
theperfectname,vt stickman,1,0,2
ron,47,1,0,2
webs,vt stickman,0,2,0
47,webs,0,-2,-2
larfen,cyrup,0,2,0
emil,stormcloud,0,2,0
chez,jisu,0,2,1
damp,flics,0,0,-1
slacks,michael,0,2,0
robin,mapletoothpick,0,0,-1
corasaur,plant,0,0,-1
zealous5000,larfen,0,2,0
emil,chez,0,2,0
damp,slacks,0,2,1
robin,corasaur,0,2,0
zealous5000,emil,0,2,0
damp,robin,1,0,2
zealous5000,robin,0,2,0
stormcloud,jisu,1,1,2
flics,michael,1,-1,0
mapletoothpick,plant,0,0,-1
corasaur,cyrup,0,2,0
slacks,jisu,0,2,0
chez,michael,0,2,0
larfen,mapletoothpick,0,0,-1
corasaur,slacks,1,0,2
chez,larfen,1,0,2
emil,slacks,0,2,0
damp,larfen,0,2,1
emil,damp,0,-2,-2
sadfish,kodak,1,1,2
the jester,demm,0,2,0
20xx,chiefcherry,1,0,2
floorboards,eaglebloo,0,2,0
benx,schiller,0,2,0
snow wiener,kingu,0,2,0
bamkek,snowman,0,0,-1
vish,kodak,0,2,0
the jester,chiefcherry,0,2,0
floorboards,benx,0,2,0
snow wiener,bamkek,0,2,0
vish,the jester,0,2,0
floorboards,snow wiener,1,1,2
vish,snow wiener,0,2,0
demm,20xx,1,0,2
eaglebloo,schiller,1,0,2
kingu,snowman,0,0,-1
bamkek,sadfish,1,0,2
benx,20xx,0,2,0
chiefcherry,schiller,0,2,1
kodak,kingu,1,1,2
sadfish,benx,1,0,2
chiefcherry,kingu,0,2,0
the jester,benx,0,2,0
floorboards,chiefcherry,0,2,0
the jester,floorboards,0,-2,-2
greenjinjo,dinowulf,0,0,-1
watchingtime,i use tap jump,0,0,-1
patrick,tuba,0,2,0
vrudssbm,notparis,0,2,0
ritz,papa zondo,1,0,2
neft,rabittz,0,2,0
catan,maestro,1,-1,0
ryobeat,greenjinjo,0,2,0
watchingtime,patrick,0,2,0
vrudssbm,papa zondo,1,1,2
neft,maestro,0,2,0
ryobeat,watchingtime,0,2,0
papa zondo,neft,1,0,2
ryobeat,neft,0,2,1
i use tap jump,tuba,1,-1,0
notparis,ritz,0,2,1
rabittz,catan,0,0,-1
maestro,dinowulf,0,0,-1
vrudssbm,tuba,0,2,0
patrick,notparis,0,2,0
greenjinjo,rabittz,0,2,0
maestro,vrudssbm,1,0,2
patrick,greenjinjo,0,2,0
watchingtime,vrudssbm,0,2,1
papa zondo,patrick,1,0,2
watchingtime,patrick,0,-2,-2
omnicloud7strife,free,1,0,2
kingbbb,bow,0,2,0
kablooey,kiri,0,2,0
switch,nfreak,0,2,0
adair,drewgs,0,2,0
sabz,daifuku,0,0,-1
muthaluva777,salt mine,1,0,2
hat,free,0,2,0
kingbbb,kablooey,0,2,0
switch,adair,0,2,0
sabz,salt mine,1,0,2
hat,kingbbb,0,2,0
switch,salt mine,0,2,0
hat,switch,0,2,0
bow,kiri,0,2,0
nfreak,drewgs,0,2,0
daifuku,muthaluva777,1,-1,0
sabz,omnicloud7strife,0,2,0
adair,bow,0,2,1
kablooey,nfreak,0,2,0
free,muthaluva777,0,2,0
sabz,adair,1,0,2
kablooey,free,1,1,2
kingbbb,adair,0,2,0
salt mine,free,1,0,2
kingbbb,free,0,-2,-2
c42p,sunwalker,0,0,-1
tangerine,cru,0,2,0
microwaveyourhead,harvey_birdman,0,2,0
lego,sylveon,0,2,0
mj,luck,1,0,2
citius,ham,0,0,-1
blitxen,kingvi,0,2,0
mattdotzeb,c42p,0,2,0
tangerine,microwaveyourhead,1,1,2
lego,luck,0,2,0
citius,blitxen,0,2,0
mattdotzeb,microwaveyourhead,0,2,0
lego,citius,0,2,1
mattdotzeb,lego,0,2,1
cru,harvey_birdman,1,0,2
sylveon,mj,1,0,2
ham,kingvi,1,-1,0
blitxen,sunwalker,0,0,-1
luck,harvey_birdman,0,2,0
tangerine,mj,0,2,0
c42p,kingvi,0,2,0
blitxen,luck,1,0,2
tangerine,c42p,0,2,0
microwaveyourhead,luck,1,0,2
citius,tangerine,0,2,1
luck,citius,0,-2,-2
skulltown,yang,1,1,2
makno,beanpaste,1,-1,0
burrito mobile,focus,1,0,2
pb&j,dodge,0,2,0
ynot4k,nacl,1,0,2
samurai ike,q,0,2,0
jxc,muffin,1,1,2
ciz,yang,0,2,0
beanpaste,focus,1,0,2
pb&j,nacl,0,2,0
samurai ike,muffin,0,2,0
ciz,focus,0,2,0
pb&j,samurai ike,1,0,2
ciz,samurai ike,0,2,0
makno,burrito mobile,1,-1,0
dodge,ynot4k,0,2,0
q,jxc,1,0,2
muffin,skulltown,0,2,0
nacl,burrito mobile,1,0,2
beanpaste,dodge,1,0,2
yang,jxc,1,0,2
muffin,burrito mobile,1,1,2
dodge,jxc,0,2,0
focus,burrito mobile,0,2,0
pb&j,dodge,0,2,0
focus,pb&j,0,-2,-2
powerfulgoku,hasp,0,0,-1
thechocolatelava,depsyfer,0,2,0
wumbo,ted greene,1,1,2
wawa,idkidc,0,2,1
kzoo,nugz,0,2,0
trk,thecivilyoshi,0,2,0
shiiv,hadoken,1,0,2
azusa,powerfulgoku,0,2,0
thechocolatelava,ted greene,0,2,0
wawa,kzoo,0,2,0
trk,hadoken,0,2,0
azusa,thechocolatelava,0,2,0
wawa,trk,0,2,0
azusa,wawa,0,-2,-2
depsyfer,wumbo,1,0,2
idkidc,nugz,0,2,0
thecivilyoshi,shiiv,0,2,0
hadoken,hasp,0,2,0
kzoo,wumbo,1,0,2
ted greene,idkidc,1,0,2
powerfulgoku,thecivilyoshi,1,0,2
hadoken,wumbo,0,2,0
idkidc,thecivilyoshi,1,1,2
thechocolatelava,hadoken,1,0,2
trk,thecivilyoshi,1,1,2
hadoken,thecivilyoshi,0,-2,-2
pewu,stoned toddler,1,1,2
shiftybadger,darkcloud,1,0,2
shiftybadger,doghug,0,0,-1
darkcloud,lecceo,0,2,0
darkcloud,xeon,0,2,1
darkcloud,stoned toddler,0,-2,-2
darkcloud,stoned toddler,1,0,2
darkcloud,deja,0,0,-1
bonkcushy,salt,0,2,0
bonkcushy,kdep,0,2,0
bonkcushy,stoned toddler,0,2,0
doghug,sheep,0,0,-1
doghug,kdep,1,-1,0
derilink,lecceo,1,0,2
ginger,shiftybadger,0,2,0
ginger,bonkcushy,0,2,1
ginger,derilink,0,2,0
lecceo,pewu,0,2,1
salt,nordecai,0,2,1
salt,xeon,1,1,2
kdep,lecceo,1,0,2
kdep,nordecai,0,2,0
xeon,shiftybadger,1,0,2
xeon,sheep,0,0,-1
stoned toddler,lecceo,0,2,0
deja,derilink,1,-1,0
toxic,nerrawx,0,2,0
seaghost,chedie,0,2,0
.mov,jazzhands,1,0,2
b3n,shubs,0,0,-1
skiddy,loncas,0,2,1
the yak,rootbeerfloat,0,2,0
jmac,cashew,1,1,2
vro,toxic,0,2,0
seaghost,jazzhands,0,2,1
b3n,skiddy,0,2,0
the yak,cashew,0,2,0
vro,seaghost,0,2,0
b3n,the yak,0,2,0
vro,b3n,0,2,0
chedie,.mov,0,2,1
shubs,loncas,1,-1,0
rootbeerfloat,jmac,0,2,0
cashew,nerrawx,1,0,2
skiddy,chedie,0,2,0
jazzhands,loncas,0,2,0
toxic,rootbeerfloat,1,0,2
nerrawx,skiddy,1,0,2
jazzhands,rootbeerfloat,1,1,2
seaghost,skiddy,0,2,0
the yak,rootbeerfloat,0,2,0
seaghost,the yak,0,-2,-2
flcd,lightningjg,1,0,2
ghost,brandowonder,0,2,0
wic,etai,1,0,2
kort,moko,0,2,0
marth vader,aureate,0,0,-1
leet,yourfaceson,0,2,0
yvng coolatta,mystery,1,1,2
th0rn,lightningjg,0,2,0
ghost,etai,1,0,2
kort,marth vader,0,2,0
leet,mystery,0,2,0
th0rn,etai,0,2,0
kort,leet,0,2,0
th0rn,kort,0,2,0
brandowonder,wic,1,0,2
moko,aureate,0,0,-1
yourfaceson,yvng coolatta,0,2,0
mystery,flcd,0,2,1
marth vader,wic,1,1,2
ghost,moko,0,2,1
lightningjg,yourfaceson,0,2,0
mystery,wic,1,0,2
ghost,lightningjg,0,2,1
etai,wic,1,0,2
leet,ghost,0,2,0
wic,leet,0,-2,-2
cardinal,jojo,1,0,2
notechskill,touch tank,0,2,0
shk shk,80-d,0,2,1
the lizard king,nvy,0,2,0
goose,cowboy dan,1,-1,0
metlwing,creamboy advanced,0,0,-1
cate!,kyri0n,0,2,0
swiftbass,jojo,0,2,0
notechskill,shk shk,1,0,2
the lizard king,cowboy dan,0,2,0
metlwing,cate!,0,2,0
swiftbass,shk shk,0,2,0
the lizard king,metlwing,0,2,0
swiftbass,the lizard king,0,2,0
touch tank,80-d,1,0,2
nvy,goose,0,0,-1
creamboy advanced,kyri0n,1,-1,0
cate!,cardinal,1,0,2
cowboy dan,80-d,1,0,2
notechskill,nvy,0,2,0
jojo,kyri0n,0,2,0
cardinal,80-d,0,2,0
notechskill,jojo,1,0,2
shk shk,cardinal,0,2,1
metlwing,jojo,1,1,2
shk shk,jojo,0,-2,-2
super,praaxx,0,0,-1
kaimen,linsanity,0,2,0
votega,jiggy,1,0,2
koopakev,srocky,0,2,0
nanas,kurben,1,-1,0
mr. muscles,bobbyxm,0,0,-1
f0xx #009,spaghetti,0,2,0
kdj,super,0,2,0
kaimen,jiggy,0,2,0
koopakev,kurben,0,2,0
mr. muscles,f0xx #009,0,2,0
kdj,kaimen,0,2,0
koopakev,mr. muscles,0,2,0
kdj,koopakev,0,2,0
linsanity,votega,1,0,2
srocky,nanas,0,0,-1
bobbyxm,spaghetti,1,-1,0
f0xx #009,praaxx,0,0,-1
kurben,votega,1,0,2
jiggy,srocky,0,2,0
super,spaghetti,0,2,0
f0xx #009,votega,1,1,2
jiggy,super,0,2,0
kaimen,votega,0,2,0
mr. muscles,jiggy,0,2,0
kaimen,mr. muscles,0,-2,-2
weirdo dunno,earthberg,0,2,0
solid dong,argo,0,2,0
gart,ricko chancho,0,2,0
thx,phenoz,0,2,0
lightsoul,alan,1,-1,0
clockmire,deathden,0,2,0
haimatox,napz,1,0,2
tafokints,weirdo dunno,0,2,0
solid dong,gart,1,0,2
thx,alan,0,2,0
clockmire,napz,0,2,0
tafokints,gart,0,2,0
thx,clockmire,0,2,0
tafokints,thx,0,2,0
argo,ricko chancho,0,2,0
phenoz,lightsoul,0,0,-1
deathden,haimatox,1,0,2
napz,earthberg,0,2,1
alan,argo,1,0,2
solid dong,phenoz,1,0,2
weirdo dunno,haimatox,0,2,0
napz,argo,1,0,2
phenoz,weirdo dunno,0,2,0
gart,argo,0,2,0
clockmire,phenoz,0,2,0
gart,clockmire,0,-2,-2
hungrybox,reno,0,2,1
hungrybox,loki,0,2,0
leet,santa,1,1,2
santa,natendo,1,1,2
kunai,jecht,1,-1,0
andonuts,natendo,1,0,2
andonuts,daddy's milk,0,2,0
admiral,natendo,0,2,0
admiral,th0rn,1,0,2
admiral,th0rn,1,0,2
reno,th0rn,0,-2,-2
reno,th0rn,0,2,0
zeta,leet,1,0,2
mayb,jecht,0,2,0
mayb,loki,1,1,2
pk,jecht,1,0,2
pk,kort,0,2,1
pk,onepunchman,0,2,0
loki,admiral,1,1,2
wic,kunai,1,-1,0
th0rn,mayb,0,2,1
juggleguy,hart,0,2,0
kalvar,tafokints,1,0,2
mang0,juggleguy,0,2,0
captain smuckers,tafokints,0,2,1
mang0,captain smuckers,0,2,0
fazers,clockmire,1,1,2
hannydoon,enemy unit,1,1,2
thoreo,memory,0,2,1
gart,calvin,0,2,0
clockmire,thunderpaste,1,1,2
enemy unit,godiegogo,1,1,2
thoreo,thx,1,0,2
gart,seabass,1,0,2
thunderpaste,godiegogo,1,0,2
thx,seabass,0,2,1
kalvar,godiegogo,0,2,0
hart,thx,0,2,0
juggleguy,kalvar,0,2,1
tafokints,hart,0,2,0
juggleguy,tafokints,1,0,2
captain smuckers,tafokints,0,-2,-2
torsional strain,kevinm,1,0,2
bmc,kdj,1,0,2
mew2king,kevinm,0,2,0
infinite numbers,kdj,0,2,0
mew2king,infinite numbers,0,2,0
quality steve,mr. muscles,1,0,2
tenshi,skillznasty,1,0,2
kwyet,moat,0,2,0
kaimen,ricky,1,1,2
mr. muscles,slag,0,2,1
skillznasty,emanon,0,0,-1
kwyet,koopakev,1,0,2
ricky,wjang,0,2,1
mr. muscles,skillznasty,0,2,1
koopakev,ricky,1,1,2
bmc,mr. muscles,0,2,0
torsional strain,ricky,0,2,0
kevinm,bmc,1,1,2
kdj,torsional strain,0,2,0
bmc,kdj,1,0,2
infinite numbers,kdj,0,-2,-2
zeo,tranimal,0,2,1
bonfire10,swiftbass,1,0,2
plup,zeo,0,2,0
captain faceroll,swiftbass,0,2,1
plup,captain faceroll,0,2,1
thrash,jojo,1,0,2
john ward,fliinchy,0,2,0
stacy's stepdad,saiyan,0,2,0
shk shk,blanky,1,-1,0
jojo,lint,1,0,2
john ward,fugu,0,2,1
stacy's stepdad,the lizard king,0,2,1
blanky,zeus,1,-1,0
lint,john ward,0,2,0
stacy's stepdad,zeus,0,2,0
bonfire10,lint,1,0,2
tranimal,stacy's stepdad,0,2,0
zeo,lint,1,1,2
swiftbass,tranimal,1,0,2
lint,tranimal,0,2,1
captain faceroll,lint,0,-2,-2
sora,rime,1,0,2
moo,vro,1,0,2
sfat,rime,0,2,0
mafia,vro,0,2,1
sfat,mafia,0,2,0
tempo,the yak,0,2,0
puff,young love,0,2,1
red rice,tempest,1,0,2
seaghost,rasen,0,2,1
tempo,yasu,1,0,2
puff,psi,1,0,2
tempest,b3n,0,2,1
seaghost,tse,1,1,2
yasu,psi,1,0,2
tempest,tse,0,2,0
moo,psi,1,0,2
sora,tempest,0,2,1
rime,psi,0,2,1
vro,sora,0,2,1
rime,vro,1,1,2
mafia,vro,0,-2,-2
vincessant,dr. z,1,0,2
blahyay,ginger,1,0,2
axe,dr. z,0,2,0
prince abu,ginger,1,0,2
axe,ginger,0,2,0
primer,stoned toddler,0,2,1
emilywaves,tree,1,0,2
nugget,gildo,0,2,1
darkcloud,risen,1,1,2
primer,golden,1,1,2
tree,vino,1,0,2
nugget,bonkcushy,1,0,2
risen,legend,1,0,2
golden,vino,1,0,2
bonkcushy,legend,0,2,1
blahyay,vino,0,2,1
vincessant,bonkcushy,1,1,2
dr. z,blahyay,1,0,2
prince abu,bonkcushy,0,2,0
blahyay,prince abu,1,0,2
ginger,prince abu,0,-2,-2
arty,kyu puff,1,0,2
makari,azusa,1,0,2
westballz,kyu puff,0,2,1
crush,azusa,0,2,0
westballz,crush,0,2,1
connor,thecivilyoshi,0,2,1
nuggets,kfj,0,2,0
tichinde925,fives,1,1,2
hadoken,ybot,1,0,2
connor,giraphe,1,1,2
nuggets,fendricklamar,1,0,2
fives,wawa,0,0,-1
ybot,advanced,1,0,2
giraphe,fendricklamar,1,1,2
fives,advanced,1,0,2
makari,fendricklamar,0,2,0
arty,advanced,0,2,1
kyu puff,makari,0,2,1
azusa,arty,0,2,1
kyu puff,azusa,1,0,2
crush,azusa,0,-2,-2
younger,bones,1,0,2
bigfoig,ciz,1,0,2
shroomed,bones,0,2,0
slox,ciz,0,2,0
shroomed,slox,0,2,0
space ghost,pb&j,0,2,0
danch,snoosnoo,1,1,2
omer,hrctypo,0,2,1
focus,siddartha,0,2,0
space ghost,melpyx,0,2,1
snoosnoo,spiff,1,0,2
omer,samurai ike,1,1,2
focus,kevorkian,1,1,2
space ghost,spiff,0,2,1
samurai ike,kevorkian,1,0,2
bigfoig,space ghost,0,2,0
younger,kevorkian,1,1,2
bones,bigfoig,0,2,1
ciz,kevorkian,0,2,0
bones,ciz,0,2,1
slox,bones,0,-2,-2
pudgypanda,dudutsai,1,1,2
gso,mattdotzeb,0,2,0
s2j,dudutsai,0,2,1
kage,gso,0,2,0
s2j,kage,0,2,0
flop,citius,0,0,-1
pizzainacup,blueg,1,0,2
gtown_tom,bugatti,0,2,1
luck,gongfactor,1,0,2
flop,speez,1,0,2
blueg,miyagi,0,2,0
gtown_tom,lego,1,0,2
gongfactor,chompskye,1,0,2
speez,blueg,1,0,2
lego,chompskye,0,2,0
mattdotzeb,blueg,1,1,2
pudgypanda,lego,0,2,0
dudutsai,blueg,0,2,0
gso,pudgypanda,1,0,2
dudutsai,pudgypanda,0,2,0
kage,dudutsai,0,-2,-2
pj,tian,0,2,1
ryucloud,hat,1,0,2
swedish delight,pj,0,2,0
hugs,hat,0,2,1
swedish delight,hugs,0,2,0
jrad,free,0,2,0
2a4t,yung bones villain,1,1,2
grim,nbs,0,2,1
kingbbb,hayrow,1,1,2
jrad,xpilot,0,2,0
yung bones villain,bagelz,0,2,0
grim,switch,1,0,2
hayrow,macintosh,0,2,1
jrad,yung bones villain,0,2,0
switch,hayrow,0,2,0
ryucloud,jrad,1,1,2
tian,switch,1,1,2
pj,jrad,1,0,2
hat,switch,0,2,0
jrad,hat,1,0,2
hugs,hat,0,-2,-2
young,rustin,1,0,2
yedi,ryobeat,1,1,2
lucky,rustin,0,2,0
dj nintendo,ryobeat,0,2,0
lucky,dj nintendo,0,2,0
life,patrick,0,2,0
armo,twisty,1,0,2
basic stitch,ant,1,0,2
watchingtime,kaenzune,0,2,0
life,sastopher,1,0,2
twisty,shameless,0,2,0
ant,neft,1,0,2
watchingtime,heartstrings,1,0,2
sastopher,twisty,1,1,2
neft,heartstrings,1,0,2
yedi,twisty,0,2,0
young,heartstrings,1,1,2
rustin,yedi,1,0,2
ryobeat,heartstrings,0,2,1
yedi,ryobeat,1,0,2
dj nintendo,ryobeat,0,-2,-2
wind,klaps,1,0,2
theswooper,vish,1,0,2
duck,klaps,0,2,1
chillindude,vish,0,2,0
duck,chillindude,0,2,0
shwa$bb,floorboards,1,0,2
flambo,darby,1,0,2
tessa,silver,1,0,2
the jester,unlucky,0,0,-1
floorboards,kim yung un,0,2,0
darby,overflow,1,0,2
silver,snow wiener,0,2,0
the jester,ghettowarmachine420,1,0,2
floorboards,overflow,1,0,2
silver,ghettowarmachine420,1,0,2
theswooper,overflow,1,1,2
wind,ghettowarmachine420,0,2,0
klaps,overflow,0,2,1
vish,wind,0,2,0
klaps,vish,1,0,2
chillindude,vish,0,-2,-2
t. webb,ny joey,1,1,2
r2dliu,zealous5000,1,0,2
the moon,ny joey,0,2,0
wobbles,zealous5000,1,1,2
the moon,zealous5000,0,2,0
piranha,damp,1,0,2
electric flux,para,0,2,0
dingus,vestboy myst,1,0,2
emil,musgraves,1,0,2
damp,shuffle,0,2,0
electric flux,tiramisu,1,1,2
vestboy myst,robin,0,2,0
musgraves,clue,1,1,2
damp,tiramisu,0,2,0
vestboy myst,clue,1,0,2
r2dliu,damp,0,2,0
t. webb,clue,0,2,0
ny joey,r2dliu,0,2,1
wobbles,t. webb,0,2,1
ny joey,wobbles,1,0,2
zealous5000,wobbles,0,-2,-2
bigvegetabluntz,ses,0,2,0
widl,ibdw,1,0,2
silent wolf,bigvegetabluntz,0,2,1
dizzkidboogie,ibdw,0,2,0
silent wolf,dizzkidboogie,1,0,2
jdog,webs,0,2,1
skipper,hotline,0,2,0
cupofwater,dazwa,1,0,2
47,ryf1sh,0,2,0
jdog,marche,0,2,1
skipper,mom?,0,2,0
dazwa,panties,0,2,1
47,ambisinister,0,2,1
jdog,skipper,1,1,2
dazwa,47,0,2,1
widl,skipper,0,2,0
ses,dazwa,0,2,0
bigvegetabluntz,widl,1,0,2
ibdw,ses,0,2,0
widl,ibdw,0,2,0
silent wolf,widl,0,-2,-2
mr. lemon,crunch,1,0,2
mr. tuesday,stango,0,0,-1
nintendude,crunch,0,2,0
kjh,mr. tuesday,0,2,0
nintendude,kjh,0,2,0
xiivi,epic!,1,1,2
devil may cry 3,fizzba,1,0,2
uma thurman,trilok,1,0,2
ionthekid,callmeaustino,1,0,2
epic!,akio,1,0,2
fizzba,pig,1,0,2
trilok,joelie polie olie,0,2,0
callmeaustino,marriott moy,0,2,0
akio,pig,1,0,2
trilok,callmeaustino,0,2,1
stango,pig,1,-1,0
mr. lemon,trilok,0,2,1
crunch,pig,0,2,0
mr. tuesday,mr. lemon,0,2,0
crunch,mr. tuesday,0,2,0
kjh,crunch,0,-2,-2
son2,mahone,1,1,2
vidjogamer,squible,1,0,2
macd,mahone,0,2,0
professor pro,squible,0,2,0
macd,professor pro,0,2,0
jnaut,8,1,1,2
clyvedaddy,lion,1,0,2
ed,mpk,0,2,0
capitainemitaine,hazard,1,0,2
8,weeaboo,1,0,2
lion,uwan,1,0,2
ed,claw,1,1,2
hazard,bigwenz,1,0,2
weeaboo,uwan,1,0,2
claw,bigwenz,1,1,2
vidjogamer,uwan,0,2,1
son2,bigwenz,0,2,0
mahone,vidjogamer,1,1,2
squible,son2,1,0,2
vidjogamer,son2,1,0,2
professor pro,son2,0,-2,-2
hungrybox,macd,0,3,0
shroomed,s2j,0,3,0
plup,the moon,0,3,1
sfat,duck,0,3,2
mang0,nintendude,1,2,3
westballz,swedish delight,1,1,3
mew2king,dizzkidboogie,0,3,1
axe,lucky,0,3,1
hungrybox,shroomed,0,3,0
plup,sfat,1,2,3
nintendude,swedish delight,1,2,3
mew2king,axe,0,3,1
hungrybox,sfat,0,-2,-2
swedish delight,mew2king,0,-2,-2
hugs,vro,0,3,0
ginger,vish,0,3,0
kjh,lint,0,3,0
infinite numbers,wobbles,1,2,3
dj nintendo,bones,0,3,0
crush,dudutsai,0,3,2
silent wolf,th0rn,0,3,2
captain smuckers,son2,0,3,0
kage,prince abu,1,0,3
mafia,ryobeat,1,-1,0
professor pro,kdj,0,3,1
captain faceroll,widl,0,3,0
chillindude,azusa,1,2,3
slox,hat,0,3,1
zealous5000,tafokints,1,2,3
reno,crunch,0,3,1
hugs,ginger,0,3,1
kjh,wobbles,1,0,3
dj nintendo,crush,0,3,2
silent wolf,captain smuckers,0,3,1
prince abu,ryobeat,0,3,0
professor pro,captain faceroll,0,3,1
azusa,slox,0,3,2
tafokints,reno,0,3,2
lucky,hugs,0,3,1
dizzkidboogie,wobbles,1,1,3
westballz,dj nintendo,0,3,0
mang0,silent wolf,0,3,0
duck,prince abu,0,3,1
the moon,professor pro,1,0,3
s2j,azusa,0,3,0
macd,tafokints,0,3,0
lucky,wobbles,0,3,2
westballz,mang0,1,0,3
duck,professor pro,0,3,1
s2j,macd,1,1,3
plup,lucky,0,3,2
shroomed,mang0,1,2,3
axe,duck,0,3,2
nintendude,macd,1,2,3
plup,mang0,0,-2,-2
axe,macd,0,-2,-2
hungrybox,sfat,1,1,3
mew2king,swedish delight,0,3,0
sfat,mew2king,1,1,3
mew2king,sfat,0,3,0
axe,macd,0,3,2
mang0,plup,0,3,2
hungrybox,axe,0,3,0
swedish delight,mang0,1,0,3
hungrybox,mang0,1,2,3
sfat,mang0,0,3,2
admiral,vidjogamer,1,0,2
ciz,pudgypanda,1,-1,0
tranimal,ny joey,0,2,0
rime,klaps,0,0,-1
juggleguy,mr. tuesday,0,2,0
kyu puff,jrad,0,2,0
bmc,ibdw,0,0,-1
blahyay,yedi,0,0,-1
vidjogamer,pudgypanda,0,2,0
tranimal,rime,1,0,2
juggleguy,kyu puff,0,2,0
bmc,blahyay,1,-1,0
vidjogamer,rime,0,3,2
juggleguy,blahyay,0,3,1
vidjogamer,juggleguy,0,3,1
vidjogamer,juggleguy,1,2,3
juggleguy,vidjogamer,1,2,3
rustin,sora,0,0,-1
dr. z,wind,1,1,2
bigvegetabluntz,swiftbass,1,1,2
kevinm,t. webb,1,-1,0
pj,kevorkian,1,1,2
makari,gso,1,-1,0
pig,mayb,0,0,-1
kalvar,squible,1,0,2
overflow,bonkcushy,1,0,2
psi,heartstrings,1,1,2
r2dliu,torsional strain,0,2,0
zeo,ses,0,0,-1
blueg,arty,0,2,1
bigfoig,switch,0,0,-1
mahone,hart,1,1,2
loki,mr. lemon,1,1,2
rustin,wind,0,2,0
swiftbass,t. webb,0,2,1
kevorkian,gso,0,0,-1
pig,squible,1,0,2
bonkcushy,heartstrings,1,0,2
r2dliu,zeo,0,2,1
blueg,bigfoig,1,0,2
hart,mr. lemon,0,2,1
yedi,rustin,1,-1,0
ibdw,swiftbass,1,-1,0
jrad,kevorkian,0,2,0
mr. tuesday,squible,1,0,2
klaps,heartstrings,1,-1,0
ny joey,r2dliu,1,1,2
ciz,bigfoig,1,-1,0
admiral,hart,1,0,2
rustin,swiftbass,1,0,2
jrad,squible,1,0,2
heartstrings,r2dliu,1,0,2
bigfoig,hart,0,2,1
tranimal,swiftbass,1,-1,0
pudgypanda,squible,1,0,2
bmc,r2dliu,1,-1,0
kyu puff,bigfoig,1,0,2
swiftbass,squible,1,1,3
r2dliu,bigfoig,0,3,1
blahyay,squible,1,0,3
rime,r2dliu,0,3,2
squible,rime,1,1,3
juggleguy,rime,0,3,1
